clean,corrupted,clean_word,corrupted_word
The book on the shelves,The books on the shelf,"is, was, has, 's","are, were, have, 've"
The books on the shelf,The book on the shelves,"are, were, have, 've","is, was, has, 's"
A cat under the trees,Cats under the tree,"sits, jumps, sleeps","sit, jump, sleep"
Cats under the tree,A cat under the trees,"sit, jump, sleep","sits, jumps, sleeps"
The apple in the baskets,The apples in the basket,"is, was, has, 's","are, were, have, 've"
The apples in the basket,The apple in the baskets,"are, were, have, 've","is, was, has, 's"
A dog beside the cars,Dogs beside the car,"runs, barks, stands","run, bark, stand"
Dogs beside the car,A dog beside the cars,"run, bark, stand","runs, barks, stands"
The painting on the walls,The paintings on the wall,"looks, appears, hangs","look, appear, hang"
The paintings on the wall,The painting on the walls,"look, appear, hang","looks, appears, hangs"
The chair by the tables,The chairs by the table,"is, was, has, 's","are, were, have, 've"
The chairs by the table,The chair by the tables,"are, were, have, 've","is, was, has, 's"
A lamp over the desks,Lamps over the desk,"shines, illuminates, stands","shine, illuminate, stand"
Lamps over the desk,A lamp over the desks,"shine, illuminate, stand","shines, illuminates, stands"
The tree near the roads,The trees near the road,"stands, grows, sways","stand, grow, sway"
The trees near the road,The tree near the roads,"stand, grow, sway","stands, grows, sways"
A phone on the tables,Phones on the table,"rings, vibrates, sits","ring, vibrate, sit"
Phones on the table,A phone on the tables,"ring, vibrate, sit","rings, vibrates, sits"
The statue in the gardens,The statues in the garden,"stands, is, was","stand, are, were"
The statues in the garden,The statue in the gardens,"stand, are, were","stands, is, was"
The clock above the doors,The clocks above the door,"ticks, shows, moves","tick, show, move"
The clocks above the door,The clock above the doors,"tick, show, move","ticks, shows, moves"
A picture on the windows,Pictures on the window,"shows, hangs, appears","show, hang, appear"
Pictures on the window,A picture on the windows,"show, hang, appear","shows, hangs, appears"
The flower in the vases,The flowers in the vase,"blooms, stands, is","bloom, stand, are"
The flowers in the vase,The flower in the vases,"bloom, stand, are","blooms, stands, is"
A fish in the tanks,Fish in the tank,"swims, floats, rests","swim, float, rest"
Fish in the tank,A fish in the tanks,"swim, float, rest","swims, floats, rests"
The leaf on the branches,The leaves on the branch,"falls, is, was","fall, are, were"
The leaves on the branch,The leaf on the branches,"fall, are, were","falls, is, was"
A pen under the papers,Pens under the paper,"writes, is, was","write, are, were"
Pens under the paper,A pen under the papers,"write, are, were","writes, is, was"
The star in the skies,The stars in the sky,"shines, is, was","shine, are, were"
The stars in the sky,The star in the skies,"shine, are, were","shines, is, was"
A horse in the pastures,Horses in the pasture,"runs, grazes, stands","run, graze, stand"
Horses in the pasture,A horse in the pastures,"run, graze, stand","runs, grazes, stands"
The shoe on the shelves,The shoes on the shelf,"fits, is, was","fit, are, were"
The shoes on the shelf,The shoe on the shelves,"fit, are, were","fits, is, was"
A bird in the cages,Birds in the cage,"sings, sits, flies","sing, sit, fly"
Birds in the cage,A bird in the cages,"sing, sit, fly","sings, sits, flies"
The glass on the tables,The glasses on the table,"breaks, is, was","break, are, were"
The glasses on the table,The glass on the tables,"break, are, were","breaks, is, was"
A child near the toys,Children near the toy,"plays, is, was","play, are, were"
Children near the toy,A child near the toys,"play, are, were","plays, is, was"
The picture in the frames,The pictures in the frame,"shows, is, was","show, are, were"
The pictures in the frame,The picture in the frames,"show, are, were","shows, is, was"
A tree among the buildings,Trees among the building,"stands, is, was","stand, are, were"
Trees among the building,A tree among the buildings,"stand, are, were","stands, is, was"
The toy beside the boxes,The toys beside the box,"works, is, was","work, are, were"
The toys beside the box,The toy beside the boxes,"work, are, were","works, is, was"
A shoe under the chairs,Shoes under the chair,"lies, is, was","lie, are, were"
Shoes under the chair,A shoe under the chairs,"lie, are, were","lies, is, was"
The candle on the cakes,The candles on the cake,"burns, is, was","burn, are, were"
The candles on the cake,The candle on the cakes,"burn, are, were","burns, is, was"
A fish swimming in the ponds,Fish swimming in the pond,"is, swims, was","are, swim, were"
Fish swimming in the pond,A fish swimming in the ponds,"are, swim, were","is, swims, was"
The coat on the racks,The coats on the rack,"hangs, is, was","hang, are, were"
The coats on the rack,The coat on the racks,"hang, are, were","hangs, is, was"
A cloud in the skies,Clouds in the sky,"floats, is, was","float, are, were"
Clouds in the sky,A cloud in the skies,"float, are, were","floats, is, was"
The leaf on the waters,The leaves on the water,"floats, is, was","float, are, were"
The leaves on the water,The leaf on the waters,"float, are, were","floats, is, was"
A doll among the toys,Dolls among the toy,"stands, is, was","stand, are, were"
Dolls among the toy,A doll among the toys,"stand, are, were","stands, is, was"
The blanket on the beds,The blankets on the bed,"covers, is, was","cover, are, were"
The blankets on the bed,The blanket on the beds,"cover, are, were","covers, is, was"
A cup on the saucers,Cups on the saucer,"sits, is, was","sit, are, were"
Cups on the saucer,A cup on the saucers,"sit, are, were","sits, is, was"
The rock under the waters,The rocks under the water,"sinks, is, was","sink, are, were"
The rocks under the water,The rock under the waters,"sink, are, were","sinks, is, was"
A book on the stacks,Books on the stack,"lies, is, was","lie, are, were"
Books on the stack,A book on the stacks,"lie, are, were","lies, is, was"
The tree among the houses,The trees among the house,"grows, is, was","grow, are, were"
The trees among the house,The tree among the houses,"grow, are, were","grows, is, was"
A car in the garages,Cars in the garage,"parks, is, was","park, are, were"
Cars in the garage,A car in the garages,"park, are, were","parks, is, was"
The cat on the fences,The cats on the fence,"sits, is, was","sit, are, were"
The cats on the fence,The cat on the fences,"sit, are, were","sits, is, was"
A squirrel in the trees,Squirrels in the tree,"climbs, is, was","climb, are, were"
Squirrels in the tree,A squirrel in the trees,"climb, are, were","climbs, is, was"
The pen on the desks,The pens on the desk,"writes, is, was","write, are, were"
The pens on the desk,The pen on the desks,"write, are, were","writes, is, was"
A candle among the lights,Candles among the light,"burns, is, was","burn, are, were"
Candles among the light,A candle among the lights,"burn, are, were","burns, is, was"
The hat on the racks,The hats on the rack,"sits, is, was","sit, are, were"
The hats on the rack,The hat on the racks,"sit, are, were","sits, is, was"
A frog on the leaves,Frogs on the leaf,"jumps, is, was","jump, are, were"
Frogs on the leaf,A frog on the leaves,"jump, are, were","jumps, is, was"
The butterfly in the nets,The butterflies in the net,"is, flutters, was","are, flutter, were"
The butterflies in the net,The butterfly in the nets,"are, flutter, were","is, flutters, was"
A bird on the branches,Birds on the branch,"sits, is, was","sit, are, were"
Birds on the branch,A bird on the branches,"sit, are, were","sits, is, was"
The musician with the instruments,The musicians with the instrument,"is, was, has, 's","are, were, have, 've"
The musicians with the instrument,The musician with the instruments,"are, were, have, 've","is, was, has, 's"
The chef among the spices,The chefs among the spice,"is, was, has, 's","are, were, have, 've"
The chefs among the spice,The chef among the spices,"are, were, have, 've","is, was, has, 's"
The book on the shelves,The books on the shelf,"is, was, has, 's","are, were, have, 've"
The books on the shelf,The book on the shelves,"are, were, have, 've","is, was, has, 's"
The artist behind the paintings,The artists behind the painting,"is, was, has, 's","are, were, have, 've"
The artists behind the painting,The artist behind the paintings,"are, were, have, 've","is, was, has, 's"
The flower in the gardens,The flowers in the garden,"is, was, has, 's","are, were, have, 've"
The flowers in the garden,The flower in the gardens,"are, were, have, 've","is, was, has, 's"
The student near the schools,The students near the school,"is, was, has, 's","are, were, have, 've"
The students near the school,The student near the schools,"are, were, have, 've","is, was, has, 's"
The computer on the desks,The computers on the desk,"is, was, has, 's","are, were, have, 've"
The computers on the desk,The computer on the desks,"are, were, have, 've","is, was, has, 's"
The child among the toys,The children among the toy,"is, was, has, 's","are, were, have, 've"
The children among the toy,The child among the toys,"are, were, have, 've","is, was, has, 's"
The car beside the buildings,The cars beside the building,"is, was, has, 's","are, were, have, 've"
The cars beside the building,The car beside the buildings,"are, were, have, 've","is, was, has, 's"
The teacher in the classrooms,The teachers in the classroom,"is, was, has, 's","are, were, have, 've"
The teachers in the classroom,The teacher in the classrooms,"are, were, have, 've","is, was, has, 's"
The writer with the notebooks,The writers with the notebook,"is, was, has, 's","are, were, have, 've"
The writers with the notebook,The writer with the notebooks,"are, were, have, 've","is, was, has, 's"
The cat near the boxes,The cats near the box,"is, was, has, 's","are, were, have, 've"
The cats near the box,The cat near the boxes,"are, were, have, 've","is, was, has, 's"
The manager in the offices,The managers in the office,"is, was, has, 's","are, were, have, 've"
The managers in the office,The manager in the offices,"are, were, have, 've","is, was, has, 's"
The flower on the tables,The flowers on the table,"is, was, has, 's","are, were, have, 've"
The flowers on the table,The flower on the tables,"are, were, have, 've","is, was, has, 's"
The fish in the tanks,The fishes in the tank,"is, was, has, 's","are, were, have, 've"
The fishes in the tank,The fish in the tanks,"are, were, have, 've","is, was, has, 's"
The book under the chairs,The books under the chair,"is, was, has, 's","are, were, have, 've"
The books under the chair,The book under the chairs,"are, were, have, 've","is, was, has, 's"
The dog behind the fences,The dogs behind the fence,"is, was, has, 's","are, were, have, 've"
The dogs behind the fence,The dog behind the fences,"are, were, have, 've","is, was, has, 's"
The chef with the aprons,The chefs with the apron,"is, was, has, 's","are, were, have, 've"
The chefs with the apron,The chef with the aprons,"are, were, have, 've","is, was, has, 's"
The horse in the fields,The horses in the field,"is, was, has, 's","are, were, have, 've"
The horses in the field,The horse in the fields,"are, were, have, 've","is, was, has, 's"
The lamp above the tables,The lamps above the table,"is, was, has, 's","are, were, have, 've"
The lamps above the table,The lamp above the tables,"are, were, have, 've","is, was, has, 's"
The bird on the trees,The birds on the tree,"is, was, has, 's","are, were, have, 've"
The birds on the tree,The bird on the trees,"are, were, have, 've","is, was, has, 's"
The phone near the computers,The phones near the computer,"is, was, has, 's","are, were, have, 've"
The phones near the computer,The phone near the computers,"are, were, have, 've","is, was, has, 's"
The train beside the stations,The trains beside the station,"is, was, has, 's","are, were, have, 've"
The trains beside the station,The train beside the stations,"are, were, have, 've","is, was, has, 's"
The candle on the plates,The candles on the plate,"is, was, has, 's","are, were, have, 've"
The candles on the plate,The candle on the plates,"are, were, have, 've","is, was, has, 's"
The ship among the docks,The ships among the dock,"is, was, has, 's","are, were, have, 've"
The ships among the dock,The ship among the docks,"are, were, have, 've","is, was, has, 's"
The bottle under the cabinets,The bottles under the cabinet,"is, was, has, 's","are, were, have, 've"
The bottles under the cabinet,The bottle under the cabinets,"are, were, have, 've","is, was, has, 's"
The toy in the boxes,The toys in the box,"is, was, has, 's","are, were, have, 've"
The toys in the box,The toy in the boxes,"are, were, have, 've","is, was, has, 's"
The mouse beside the computers,The mice beside the computer,"is, was, has, 's","are, were, have, 've"
The mice beside the computer,The mouse beside the computers,"are, were, have, 've","is, was, has, 's"
The document on the tables,The documents on the table,"is, was, has, 's","are, were, have, 've"
The documents on the table,The document on the tables,"are, were, have, 've","is, was, has, 's"
The pencil near the notebooks,The pencils near the notebook,"is, was, has, 's","are, were, have, 've"
The pencils near the notebook,The pencil near the notebooks,"are, were, have, 've","is, was, has, 's"
The man among the people,The men among the person,"is, was, has, 's","are, were, have, 've"
The men among the person,The man among the people,"are, were, have, 've","is, was, has, 's"
The brush in the jars,The brushes in the jar,"is, was, has, 's","are, were, have, 've"
The brushes in the jar,The brush in the jars,"are, were, have, 've","is, was, has, 's"
The shirt on the racks,The shirts on the rack,"is, was, has, 's","are, were, have, 've"
The shirts on the rack,The shirt on the racks,"are, were, have, 've","is, was, has, 's"
The pear among the fruits,The pears among the fruit,"is, was, has, 's","are, were, have, 've"
The pears among the fruit,The pear among the fruits,"are, were, have, 've","is, was, has, 's"
The table beneath the books,The tables beneath the book,"is, was, has, 's","are, were, have, 've"
The tables beneath the book,The table beneath the books,"are, were, have, 've","is, was, has, 's"
The ring with the jewels,The rings with the jewel,"is, was, has, 's","are, were, have, 've"
The rings with the jewel,The ring with the jewels,"are, were, have, 've","is, was, has, 's"
The painting on the walls,The paintings on the wall,"is, was, has, 's","are, were, have, 've"
The paintings on the wall,The painting on the walls,"are, were, have, 've","is, was, has, 's"
The box among the crates,The boxes among the crate,"is, was, has, 's","are, were, have, 've"
The boxes among the crate,The box among the crates,"are, were, have, 've","is, was, has, 's"
The spoon beside the dishes,The spoons beside the dish,"is, was, has, 's","are, were, have, 've"
The spoons beside the dish,The spoon beside the dishes,"are, were, have, 've","is, was, has, 's"
The shoe under the benches,The shoes under the bench,"is, was, has, 's","are, were, have, 've"
The shoes under the bench,The shoe under the benches,"are, were, have, 've","is, was, has, 's"
The cyclist with the bikes,The cyclists with the bike,"is, was, has, 's","are, were, have, 've"
The cyclists with the bike,The cyclist with the bikes,"are, were, have, 've","is, was, has, 's"
The egg inside the cartons,The eggs inside the carton,"is, was, has, 's","are, were, have, 've"
The eggs inside the carton,The egg inside the cartons,"are, were, have, 've","is, was, has, 's"
The drum among the instruments,The drums among the instrument,"is, was, has, 's","are, were, have, 've"
The drums among the instrument,The drum among the instruments,"are, were, have, 've","is, was, has, 's"
The beverage on the trays,The beverages on the tray,"is, was, has, 's","are, were, have, 've"
The beverages on the tray,The beverage on the trays,"are, were, have, 've","is, was, has, 's"
The coin in the pockets,The coins in the pocket,"is, was, has, 's","are, were, have, 've"
The coins in the pocket,The coin in the pockets,"are, were, have, 've","is, was, has, 's"
The mountain among the hills,The mountains among the hill,"is, was, has, 's","are, were, have, 've"
The mountains among the hill,The mountain among the hills,"are, were, have, 've","is, was, has, 's"
The cat on the fences,The cats on the fence,"is, was, has, 's","are, were, have, 've"
The cats on the fence,The cat on the fences,"are, were, have, 've","is, was, has, 's"
The book on the shelves,The books on the shelf,"is, was, has, 's","are, were, have, 've"
The books on the shelf,The book on the shelves,"are, were, have, 've","is, was, has, 's"
The apple under the trees,The apples under the tree,"is, was, has, 's","are, were, have, 've"
The apples under the tree,The apple under the trees,"are, were, have, 've","is, was, has, 's"
The nurse beside the patients,The nurses beside the patient,"is, was, has, 's","are, were, have, 've"
The nurses beside the patient,The nurse beside the patients,"are, were, have, 've","is, was, has, 's"
The dog in the yards,The dogs in the yard,"is, was, has, 's","are, were, have, 've"
The dogs in the yard,The dog in the yards,"are, were, have, 've","is, was, has, 's"
The picture on the walls,The pictures on the wall,"is, was, has, 's","are, were, have, 've"
The pictures on the wall,The picture on the walls,"are, were, have, 've","is, was, has, 's"
The child among the toys,The children among the toy,"is, was, has, 's","are, were, have, 've"
The children among the toy,The child among the toys,"are, were, have, 've","is, was, has, 's"
The tree in the gardens,The trees in the garden,"is, was, has, 's","are, were, have, 've"
The trees in the garden,The tree in the gardens,"are, were, have, 've","is, was, has, 's"
The car in the garages,The cars in the garage,"is, was, has, 's","are, were, have, 've"
The cars in the garage,The car in the garages,"are, were, have, 've","is, was, has, 's"
The man beside the machines,The men beside the machine,"is, was, has, 's","are, were, have, 've"
The men beside the machine,The man beside the machines,"are, were, have, 've","is, was, has, 's"
The bird on the branches,The birds on the branch,"is, was, has, 's","are, were, have, 've"
The birds on the branch,The bird on the branches,"are, were, have, 've","is, was, has, 's"
The student in the classes,The students in the class,"is, was, has, 's","are, were, have, 've"
The students in the class,The student in the classes,"are, were, have, 've","is, was, has, 's"
The hat on the racks,The hats on the rack,"is, was, has, 's","are, were, have, 've"
The hats on the rack,The hat on the racks,"are, were, have, 've","is, was, has, 's"
The doctor in the clinics,The doctors in the clinic,"is, was, has, 's","are, were, have, 've"
The doctors in the clinic,The doctor in the clinics,"are, were, have, 've","is, was, has, 's"
The mouse in the traps,The mice in the trap,"is, was, has, 's","are, were, have, 've"
The mice in the trap,The mouse in the traps,"are, were, have, 've","is, was, has, 's"
The foot on the pedals,The feet on the pedal,"is, was, has, 's","are, were, have, 've"
The feet on the pedal,The foot on the pedals,"are, were, have, 've","is, was, has, 's"
The bag in the lockers,The bags in the locker,"is, was, has, 's","are, were, have, 've"
The bags in the locker,The bag in the lockers,"are, were, have, 've","is, was, has, 's"
The flower in the vases,The flowers in the vase,"is, was, has, 's","are, were, have, 've"
The flowers in the vase,The flower in the vases,"are, were, have, 've","is, was, has, 's"
The fish in the tanks,The fishes in the tank,"is, was, has, 's","are, were, have, 've"
The fishes in the tank,The fish in the tanks,"are, were, have, 've","is, was, has, 's"
The bulb in the lamps,The bulbs in the lamp,"is, was, has, 's","are, were, have, 've"
The bulbs in the lamp,The bulb in the lamps,"are, were, have, 've","is, was, has, 's"
The pen on the desks,The pens on the desk,"is, was, has, 's","are, were, have, 've"
The pens on the desk,The pen on the desks,"are, were, have, 've","is, was, has, 's"
The toy in the boxes,The toys in the box,"is, was, has, 's","are, were, have, 've"
The toys in the box,The toy in the boxes,"are, were, have, 've","is, was, has, 's"
The note in the books,The notes in the book,"is, was, has, 's","are, were, have, 've"
The notes in the book,The note in the books,"are, were, have, 've","is, was, has, 's"
The girl on the bikes,The girls on the bike,"is, was, has, 's","are, were, have, 've"
The girls on the bike,The girl on the bikes,"are, were, have, 've","is, was, has, 's"
The goose in the ponds,The geese in the pond,"is, was, has, 's","are, were, have, 've"
The geese in the pond,The goose in the ponds,"are, were, have, 've","is, was, has, 's"
The watch in the boxes,The watches in the box,"is, was, has, 's","are, were, have, 've"
The watches in the box,The watch in the boxes,"are, were, have, 've","is, was, has, 's"
The sheep in the fields,The sheep in the field,"is, was, has, 's","are, were, have, 've"
The sheep in the field,The sheep in the fields,"are, were, have, 've","is, was, has, 's"
The wolf in the forests,The wolves in the forest,"is, was, has, 's","are, were, have, 've"
The wolves in the forest,The wolf in the forests,"are, were, have, 've","is, was, has, 's"
The horse in the stables,The horses in the stable,"is, was, has, 's","are, were, have, 've"
The horses in the stable,The horse in the stables,"are, were, have, 've","is, was, has, 's"
The ship in the docks,The ships in the dock,"is, was, has, 's","are, were, have, 've"
The ships in the dock,The ship in the docks,"are, were, have, 've","is, was, has, 's"
The leaf in the piles,The leaves in the pile,"is, was, has, 's","are, were, have, 've"
The leaves in the pile,The leaf in the piles,"are, were, have, 've","is, was, has, 's"
The cloud in the skies,The clouds in the sky,"is, was, has, 's","are, were, have, 've"
The clouds in the sky,The cloud in the skies,"are, were, have, 've","is, was, has, 's"
The star in the galaxies,The stars in the galaxy,"is, was, has, 's","are, were, have, 've"
The stars in the galaxy,The star in the galaxies,"are, were, have, 've","is, was, has, 's"
The chair in the rooms,The chairs in the room,"is, was, has, 's","are, were, have, 've"
The chairs in the room,The chair in the rooms,"are, were, have, 've","is, was, has, 's"
The chef in the kitchens,The chefs in the kitchen,"is, was, has, 's","are, were, have, 've"
The chefs in the kitchen,The chef in the kitchens,"are, were, have, 've","is, was, has, 's"
The painter in the studios,The painters in the studio,"is, was, has, 's","are, were, have, 've"
The painters in the studio,The painter in the studios,"are, were, have, 've","is, was, has, 's"
The dancer on the stages,The dancers on the stage,"is, was, has, 's","are, were, have, 've"
The dancers on the stage,The dancer on the stages,"are, were, have, 've","is, was, has, 's"
The elephant in the zoos,The elephants in the zoo,"is, was, has, 's","are, were, have, 've"
The elephants in the zoo,The elephant in the zoos,"are, were, have, 've","is, was, has, 's"
The lion in the cages,The lions in the cage,"is, was, has, 's","are, were, have, 've"
The lions in the cage,The lion in the cages,"are, were, have, 've","is, was, has, 's"
The panda in the reserves,The pandas in the reserve,"is, was, has, 's","are, were, have, 've"
The pandas in the reserve,The panda in the reserves,"are, were, have, 've","is, was, has, 's"
The eagle in the sanctuaries,The eagles in the sanctuary,"is, was, has, 's","are, were, have, 've"
The eagles in the sanctuary,The eagle in the sanctuaries,"are, were, have, 've","is, was, has, 's"
The penguin on the icebergs,The penguins on the iceberg,"is, was, has, 's","are, were, have, 've"
The penguins on the iceberg,The penguin on the icebergs,"are, were, have, 've","is, was, has, 's"
The chef with the recipes,The chefs with the recipe,"is, was, has, 's","are, were, have, 've"
The chefs with the recipe,The chef with the recipes,"are, were, have, 've","is, was, has, 's"
The king in the realms,The kings in the realm,"is, was, has, 's","are, were, have, 've"
The kings in the realm,The king in the realms,"are, were, have, 've","is, was, has, 's"
The queen in the kingdoms,The queens in the kingdom,"is, was, has, 's","are, were, have, 've"
The queens in the kingdom,The queen in the kingdoms,"are, were, have, 've","is, was, has, 's"
The knight on the horses,The knights on the horse,"is, was, has, 's","are, were, have, 've"
The knights on the horse,The knight on the horses,"are, were, have, 've","is, was, has, 's"
The warrior in the battles,The warriors in the battle,"is, was, has, 's","are, were, have, 've"
The warriors in the battle,The warrior in the battles,"are, were, have, 've","is, was, has, 's"
The explorer in the jungles,The explorers in the jungle,"is, was, has, 's","are, were, have, 've"
The explorers in the jungle,The explorer in the jungles,"are, were, have, 've","is, was, has, 's"
The pirate on the seas,The pirates on the sea,"is, was, has, 's","are, were, have, 've"
The pirates on the sea,The pirate on the seas,"are, were, have, 've","is, was, has, 's"
The captain in the fleets,The captains in the fleet,"is, was, has, 's","are, were, have, 've"
The captains in the fleet,The captain in the fleets,"are, were, have, 've","is, was, has, 's"
The merchant in the markets,The merchants in the market,"is, was, has, 's","are, were, have, 've"
The merchants in the market,The merchant in the markets,"are, were, have, 've","is, was, has, 's"
The artist in the galleries,The artists in the gallery,"is, was, has, 's","are, were, have, 've"
The artists in the gallery,The artist in the galleries,"are, were, have, 've","is, was, has, 's"
The writer in the libraries,The writers in the library,"is, was, has, 's","are, were, have, 've"
The writers in the library,The writer in the libraries,"are, were, have, 've","is, was, has, 's"
The musician on the stages,The musicians on the stage,"is, was, has, 's","are, were, have, 've"
The musicians on the stage,The musician on the stages,"are, were, have, 've","is, was, has, 's"
The dancer in the halls,The dancers in the hall,"is, was, has, 's","are, were, have, 've"
The dancers in the hall,The dancer in the halls,"are, were, have, 've","is, was, has, 's"
The actor in the theaters,The actors in the theater,"is, was, has, 's","are, were, have, 've"
The actors in the theater,The actor in the theaters,"are, were, have, 've","is, was, has, 's"
The gardener in the parks,The gardeners in the park,"is, was, has, 's","are, were, have, 've"
The gardeners in the park,The gardener in the parks,"are, were, have, 've","is, was, has, 's"
The scientist in the labs,The scientists in the lab,"is, was, has, 's","are, were, have, 've"
The scientists in the lab,The scientist in the labs,"are, were, have, 've","is, was, has, 's"
The astronaut in the spaces,The astronauts in the space,"is, was, has, 's","are, were, have, 've"
The astronauts in the space,The astronaut in the spaces,"are, were, have, 've","is, was, has, 's"
The teacher in the schools,The teachers in the school,"is, was, has, 's","are, were, have, 've"
The teachers in the school,The teacher in the schools,"are, were, have, 've","is, was, has, 's"
The lawyer in the courts,The lawyers in the court,"is, was, has, 's","are, were, have, 've"
The lawyers in the court,The lawyer in the courts,"are, were, have, 've","is, was, has, 's"
The journalist in the offices,The journalists in the office,"is, was, has, 's","are, were, have, 've"
The journalists in the office,The journalist in the offices,"are, were, have, 've","is, was, has, 's"
The photographer in the studios,The photographers in the studio,"is, was, has, 's","are, were, have, 've"
The photographers in the studio,The photographer in the studios,"are, were, have, 've","is, was, has, 's"
The chef in the restaurants,The chefs in the restaurant,"is, was, has, 's","are, were, have, 've"
The chefs in the restaurant,The chef in the restaurants,"are, were, have, 've","is, was, has, 's"
The detective in the mysteries,The detectives in the mystery,"is, was, has, 's","are, were, have, 've"
The detectives in the mystery,The detective in the mysteries,"are, were, have, 've","is, was, has, 's"
The pilot in the planes,The pilots in the plane,"is, was, has, 's","are, were, have, 've"
The pilots in the plane,The pilot in the planes,"are, were, have, 've","is, was, has, 's"
The soldier in the camps,The soldiers in the camp,"is, was, has, 's","are, were, have, 've"
The soldiers in the camp,The soldier in the camps,"are, were, have, 've","is, was, has, 's"
The priest in the churches,The priests in the church,"is, was, has, 's","are, were, have, 've"
The priests in the church,The priest in the churches,"are, were, have, 've","is, was, has, 's"
The athlete on the tracks,The athletes on the track,"is, was, has, 's","are, were, have, 've"
The athletes on the track,The athlete on the tracks,"are, were, have, 've","is, was, has, 's"
The swimmer in the pools,The swimmers in the pool,"is, was, has, 's","are, were, have, 've"
The swimmers in the pool,The swimmer in the pools,"are, were, have, 've","is, was, has, 's"
The runner on the paths,The runners on the path,"is, was, has, 's","are, were, have, 've"
The runners on the path,The runner on the paths,"are, were, have, 've","is, was, has, 's"
The boxer in the rings,The boxers in the ring,"is, was, has, 's","are, were, have, 've"
The boxers in the ring,The boxer in the rings,"are, were, have, 've","is, was, has, 's"
The climber on the mountains,The climbers on the mountain,"is, was, has, 's","are, were, have, 've"
The climbers on the mountain,The climber on the mountains,"are, were, have, 've","is, was, has, 's"
The hiker on the trails,The hikers on the trail,"is, was, has, 's","are, were, have, 've"
The hikers on the trail,The hiker on the trails,"are, were, have, 've","is, was, has, 's"
The skier on the slopes,The skiers on the slope,"is, was, has, 's","are, were, have, 've"
The skiers on the slope,The skier on the slopes,"are, were, have, 've","is, was, has, 's"
The surfer on the waves,The surfers on the wave,"is, was, has, 's","are, were, have, 've"
The surfers on the wave,The surfer on the waves,"are, were, have, 've","is, was, has, 's"
The diver in the seas,The divers in the sea,"is, was, has, 's","are, were, have, 've"
The divers in the sea,The diver in the seas,"are, were, have, 've","is, was, has, 's"
The sailor on the ships,The sailors on the ship,"is, was, has, 's","are, were, have, 've"
The sailors on the ship,The sailor on the ships,"are, were, have, 've","is, was, has, 's"
The archer in the forests,The archers in the forest,"is, was, has, 's","are, were, have, 've"
The archers in the forest,The archer in the forests,"are, were, have, 've","is, was, has, 's"
The knight in the castles,The knights in the castle,"is, was, has, 's","are, were, have, 've"
The knights in the castle,The knight in the castles,"are, were, have, 've","is, was, has, 's"
The bard in the taverns,The bards in the tavern,"is, was, has, 's","are, were, have, 've"
The bards in the tavern,The bard in the taverns,"are, were, have, 've","is, was, has, 's"
The mage in the towers,The mages in the tower,"is, was, has, 's","are, were, have, 've"
The mages in the tower,The mage in the towers,"are, were, have, 've","is, was, has, 's"
The rogue in the alleys,The rogues in the alley,"is, was, has, 's","are, were, have, 've"
The rogues in the alley,The rogue in the alleys,"are, were, have, 've","is, was, has, 's"
The dragon in the lairs,The dragons in the lair,"is, was, has, 's","are, were, have, 've"
The dragons in the lair,The dragon in the lairs,"are, were, have, 've","is, was, has, 's"
The unicorn in the meadows,The unicorns in the meadow,"is, was, has, 's","are, were, have, 've"
The unicorns in the meadow,The unicorn in the meadows,"are, were, have, 've","is, was, has, 's"
The phoenix in the skies,The phoenixes in the sky,"is, was, has, 's","are, were, have, 've"
The phoenixes in the sky,The phoenix in the skies,"are, were, have, 've","is, was, has, 's"
The fairy in the gardens,The fairies in the garden,"is, was, has, 's","are, were, have, 've"
The fairies in the garden,The fairy in the gardens,"are, were, have, 've","is, was, has, 's"
The dwarf in the mines,The dwarves in the mine,"is, was, has, 's","are, were, have, 've"
The dwarves in the mine,The dwarf in the mines,"are, were, have, 've","is, was, has, 's"
The giant in the valleys,The giants in the valley,"is, was, has, 's","are, were, have, 've"
The giants in the valley,The giant in the valleys,"are, were, have, 've","is, was, has, 's"
The elf in the forests,The elves in the forest,"is, was, has, 's","are, were, have, 've"
The elves in the forest,The elf in the forests,"are, were, have, 've","is, was, has, 's"
The book on the shelves,The books on the shelf,"is, was, has","are, were, have"
The books on the shelf,The book on the shelves,"are, were, have","is, was, has"
The dog near the cats,The dogs near the cat,"runs, barks","run, bark"
The dogs near the cat,The dog near the cats,"run, bark","runs, barks"
The child with the toys,The children with the toy,"plays, is","play, are"
The children with the toy,The child with the toys,"play, are","plays, is"
The lady in the cars,The ladies in the car,"sits, waits","sit, wait"
The ladies in the car,The lady in the cars,"sit, wait","sits, waits"
The apple in the baskets,The apples in the basket,"is, seems","are, seem"
The apples in the basket,The apple in the baskets,"are, seem","is, seems"
The cat with the dogs,The cats with the dog,"sleeps, sits","sleep, sit"
The cats with the dog,The cat with the dogs,"sleep, sit","sleeps, sits"
The picture on the walls,The pictures on the wall,"is, was","are, were"
The pictures on the wall,The picture on the walls,"are, were","is, was"
The teacher for the students,The teachers for the student,"is, teaches","are, teach"
The teachers for the student,The teacher for the students,"are, teach","is, teaches"
The car in the garages,The cars in the garage,"is, seems","are, seem"
The cars in the garage,The car in the garages,"are, seem","is, seems"
The bird among the trees,The birds among the tree,"flies, chirps","fly, chirp"
The birds among the tree,The bird among the trees,"fly, chirp","flies, chirps"
The student with the books,The students with the book,"reads, studies","read, study"
The students with the book,The student with the books,"read, study","reads, studies"
The photograph on the tables,The photographs on the table,"shows, captures","show, capture"
The photographs on the table,The photograph on the tables,"show, capture","shows, captures"
The river between the mountains,The rivers between the mountain,"flows, is","flow, are"
The rivers between the mountain,The river between the mountains,"flow, are","flows, is"
The plant in the pots,The plants in the pot,"grows, is","grow, are"
The plants in the pot,The plant in the pots,"grow, are","grows, is"
The chair near the windows,The chairs near the window,"stands, is","stand, are"
The chairs near the window,The chair near the windows,"stand, are","stands, is"
The phone beside the laptops,The phones beside the laptop,"rings, vibrates","ring, vibrate"
The phones beside the laptop,The phone beside the laptops,"ring, vibrate","rings, vibrates"
The man with the hats,The men with the hat,"walks, is","walk, are"
The men with the hat,The man with the hats,"walk, are","walks, is"
The computer on the desks,The computers on the desk,"is, runs","are, run"
The computers on the desk,The computer on the desks,"are, run","is, runs"
The cat beside the dogs,The cats beside the dog,"sleeps, watches","sleep, watch"
The cats beside the dog,The cat beside the dogs,"sleep, watch","sleeps, watches"
The bear near the rivers,The bears near the river,"is, roams","are, roam"
The bears near the river,The bear near the rivers,"are, roam","is, roams"
The boat among the ships,The boats among the ship,"floats, is","float, are"
The boats among the ship,The boat among the ships,"float, are","floats, is"
The tree under the stars,The trees under the star,"shines, is","shine, are"
The trees under the star,The tree under the stars,"shine, are","shines, is"
